-- MySQL dump 10.13  Distrib 8.0.22, for Win64 (x86_64)
--
-- Host: 127.0.0.1    Database: fz_webapp
-- ------------------------------------------------------
-- Server version	8.0.22

/*!40101 SET @OLD_CHARACTER_SET_CLIENT=@@CHARACTER_SET_CLIENT */;
/*!40101 SET @OLD_CHARACTER_SET_RESULTS=@@CHARACTER_SET_RESULTS */;
/*!40101 SET @OLD_COLLATION_CONNECTION=@@COLLATION_CONNECTION */;
/*!50503 SET NAMES utf8 */;
/*!40103 SET @OLD_TIME_ZONE=@@TIME_ZONE */;
/*!40103 SET TIME_ZONE='+00:00' */;
/*!40014 SET @OLD_UNIQUE_CHECKS=@@UNIQUE_CHECKS, UNIQUE_CHECKS=0 */;
/*!40014 SET @OLD_FOREIGN_KEY_CHECKS=@@FOREIGN_KEY_CHECKS, FOREIGN_KEY_CHECKS=0 */;
/*!40101 SET @OLD_SQL_MODE=@@SQL_MODE, SQL_MODE='NO_AUTO_VALUE_ON_ZERO' */;
/*!40111 SET @OLD_SQL_NOTES=@@SQL_NOTES, SQL_NOTES=0 */;

--
-- Table structure for table `member`
--

DROP TABLE IF EXISTS `member`;
/*!40101 SET @saved_cs_client     = @@character_set_client */;
/*!50503 SET character_set_client = utf8mb4 */;
CREATE TABLE `member` (
  `memid` varchar(50) NOT NULL,
  `passwd` varchar(40) NOT NULL,
  `name` varchar(40) DEFAULT NULL,
  `address` varchar(50) DEFAULT NULL,
  `phone` varchar(20) DEFAULT NULL,
  PRIMARY KEY (`memid`)
) ENGINE=InnoDB DEFAULT CHARSET=utf8mb4 COLLATE=utf8mb4_0900_ai_ci;
/*!40101 SET character_set_client = @saved_cs_client */;

--
-- Dumping data for table `member`
--

LOCK TABLES `member` WRITE;
/*!40000 ALTER TABLE `member` DISABLE KEYS */;
INSERT INTO `member` VALUES ('5','7','8','9','4'),('ã','s','ã','ã·ã','ã'),('khhong','1111','홍기형','충남','02-920-7525');
/*!40000 ALTER TABLE `member` ENABLE KEYS */;
UNLOCK TABLES;

--
-- Table structure for table `offline_product`
--

DROP TABLE IF EXISTS `offline_product`;
/*!40101 SET @saved_cs_client     = @@character_set_client */;
/*!50503 SET character_set_client = utf8mb4 */;
CREATE TABLE `offline_product` (
  `idoffline_product` int NOT NULL AUTO_INCREMENT,
  `offlineproduct_name` varchar(45) DEFAULT NULL,
  `offlineproduct_num` int DEFAULT NULL,
  `offline_product_price` int DEFAULT NULL,
  `storeid` int DEFAULT NULL,
  PRIMARY KEY (`idoffline_product`),
  KEY `storeid_idx` (`storeid`),
  CONSTRAINT `storeid` FOREIGN KEY (`storeid`) REFERENCES `offlinestore` (`storeid`)
) ENGINE=InnoDB AUTO_INCREMENT=607 DEFAULT CHARSET=utf8mb4 COLLATE=utf8mb4_0900_ai_ci;
/*!40101 SET character_set_client = @saved_cs_client */;

--
-- Dumping data for table `offline_product`
--

LOCK TABLES `offline_product` WRITE;
/*!40000 ALTER TABLE `offline_product` DISABLE KEYS */;
INSERT INTO `offline_product` VALUES (100,'소프넛',NULL,11000,1),(101,'플레이니스트(빨래, 설거지)',NULL,9000,1),(102,'에코띠크 세탁세제',NULL,3500,1),(103,'에코띠크 섬유유연제',NULL,3500,1),(104,'구연산',NULL,2000,1),(105,'탄산수소나트륨(베이킹소다)',NULL,2000,1),(106,'과탄산소다(빨래)',NULL,2500,1),(107,'생활공작소(주방세제)',NULL,2500,1),(108,'바이오 크린콜',NULL,3500,1),(200,'설거지 비누',NULL,6500,2),(201,'천연수세미3개입',NULL,9900,2),(202,'브라질넛',NULL,50,2),(203,'헤이즐넛',NULL,35,2),(204,'캐슈넛',NULL,35,2),(205,'통밀쿠키(비건)',NULL,400,2),(206,'초코호두(비건)',NULL,600,2),(300,'자연분해 일회용 접시',NULL,1500,3),(301,'재사용 소창 화장지',NULL,25000,3),(302,'재사용 휴대용 소창와압스',NULL,10000,3),(303,'소창 바게트 주머니',NULL,7000,3),(304,'천연 실크 치실',NULL,7000,3),(305,'A5 크라프트 무지노트',NULL,1500,3),(306,'병아리콩',NULL,4000,3),(307,'유기농 국산 햇귀리',NULL,7500,3),(308,'쌀 파스타(펜네)',NULL,8500,3),(309,'브라운 렌틸콩',NULL,3000,3),(400,'친환경 노트',NULL,1000,4),(401,'삼베수세미',NULL,10000,4),(402,'손수건',NULL,3500,4),(403,'밀랍초',NULL,5000,4),(404,'소프넛',NULL,11000,4),(405,'천 마스크',NULL,5000,4),(406,'빨대키트',NULL,10000,4),(408,'대나무 칫솔',NULL,2000,4),(500,'칫솔 파우치',NULL,3000,5),(501,'혀클리너',NULL,7000,5),(502,'닥터노아 어린이 칫솔',NULL,3700,5),(503,'수세미 병솔(납작형)',NULL,7000,5),(504,'설거지 수세미 S',NULL,4000,5),(505,'다용도 집게',NULL,1000,5),(506,'고체치약',NULL,14000,5),(600,'삼베 주머니',NULL,2400,6),(601,'고체치약(120정)',NULL,13900,6),(602,'팜프리 비누',NULL,6800,6),(603,'비즈왁스랩(밀랍랩)',NULL,4500,6),(604,'다회용 소창 티백',NULL,3500,6),(605,'유기농 우엉(80g)',NULL,11400,6),(606,'유기농 작두콩(80g)',NULL,9500,6);
/*!40000 ALTER TABLE `offline_product` ENABLE KEYS */;
UNLOCK TABLES;

--
-- Table structure for table `offlinestore`
--

DROP TABLE IF EXISTS `offlinestore`;
/*!40101 SET @saved_cs_client     = @@character_set_client */;
/*!50503 SET character_set_client = utf8mb4 */;
CREATE TABLE `offlinestore` (
  `storeid` int NOT NULL,
  `storename` varchar(45) DEFAULT NULL,
  `location` varchar(45) DEFAULT NULL,
  `number` varchar(45) DEFAULT NULL,
  PRIMARY KEY (`storeid`)
) ENGINE=InnoDB DEFAULT CHARSET=utf8mb4 COLLATE=utf8mb4_0900_ai_ci;
/*!40101 SET character_set_client = @saved_cs_client */;

--
-- Dumping data for table `offlinestore`
--

LOCK TABLES `offlinestore` WRITE;
/*!40000 ALTER TABLE `offlinestore` DISABLE KEYS */;
INSERT INTO `offlinestore` VALUES (1,'알맹상점','서울 마포구 합정동 월드컵로 49 한우마을 2층','010-2229-1027'),(2,'지구샵','서울 동작구 상도동 성대로1길 16','070-7640-4940'),(3,'더피커','서울 성동구 왕십리로 115 헤이그라운드 9층','070-4118-0710'),(4,'라마홈','서울 종로구 자하문로 48 1층 ',NULL),(5,'송포어스','서울 강동구 풍성로35길 34 1층','070-8095-3534'),(6,'디어얼스','서울 서대문구 수색로 43 104호',NULL);
/*!40000 ALTER TABLE `offlinestore` ENABLE KEYS */;
UNLOCK TABLES;

--
-- Table structure for table `online_product`
--

DROP TABLE IF EXISTS `online_product`;
/*!40101 SET @saved_cs_client     = @@character_set_client */;
/*!50503 SET character_set_client = utf8mb4 */;
CREATE TABLE `online_product` (
  `productid` int NOT NULL,
  `productname` varchar(45) DEFAULT NULL,
  `brand` varchar(45) DEFAULT NULL,
  `price` int DEFAULT NULL,
  `big_category` varchar(45) DEFAULT NULL,
  `small_category` varchar(45) DEFAULT NULL,
  PRIMARY KEY (`productid`)
) ENGINE=InnoDB DEFAULT CHARSET=utf8mb4 COLLATE=utf8mb4_0900_ai_ci;
/*!40101 SET character_set_client = @saved_cs_client */;

--
-- Dumping data for table `online_product`
--

LOCK TABLES `online_product` WRITE;
/*!40000 ALTER TABLE `online_product` DISABLE KEYS */;
INSERT INTO `online_product` VALUES (1,'\'제로웨이스트 입문 키트\n\'','\'더피커\'',12000,'키트',NULL),(2,'\'스텐 고리집게(5p.)\n\'','\'더피커\'',4000,'living','집게'),(3,'\'소창 2겹 행주 (손수건 대용)\n\'','\'더피커\'',4000,'bathroom','타월'),(4,'\'비누 틴케이스\n\'','\'더피커\'',4500,'etc',NULL),(5,'\'유기농 메쉬 파우치(S)\n\'','\'더피커\'',3000,'living','주머니/가방'),(6,'\'휴대용 소창와입스(4매입)\n\'','\'더피커\'',11000,'bathroom','타월'),(7,'\'스텐 미니집게(10pcs.)\n\'','\'더피커\'',4000,'living','집게'),(8,'\'유기농 메쉬 프로듀스백(S/M/L)\n\'','\'더피커\'',4000,'living','주머니/가방'),(9,'\'광목 빨대 주머니\n\'','\'더피커\'',3000,'living','주머니/가방'),(10,'\'신문지연필(5ea)\n\'','\'더피커\'',2000,'etc',NULL),(11,'\'[도서] 오늘을 조금 바꿉니다\n\'','\'더피커\'',13410,'living','책/노트'),(12,'\'팔로산토 우드스틱\n\'','\'더피커\'',10000,'etc',NULL),(13,'\'[도서] 채식연습\n\'','\'더피커\'',15120,'living','책/노트'),(14,'\'유기농면 프로듀스백(S/M/L)\n\'','\'더피커\'',4500,'living','주머니/가방'),(15,'\'그랩 리페어 밀랍블록\n\'','\'더피커\'',1500,'kitchen','밀랍/시트'),(16,'\'유기농 순면생리대 누르Nur.\n\'','\'더피커\'',6500,'etc',NULL),(17,'\'네츄럴 린넨 손수건\n\'','\'더피커\'',4000,'bathroom','타월'),(18,'\'크라프트 무지 만년 위클리\n\'','\'더피커\'',2000,'living','책/노트'),(19,'\'재생종이 볼펜\n\'','\'더피커\'',1500,'etc',NULL),(20,'\'소락 유기농 튤립백(도시락가방)\n\'','\'더피커\'',6000,'living','주머니/가방'),(21,'\'[도서] 지구생활안내서 바질[BASIL]\n\'','\'더피커\'',13000,'living','책/노트'),(22,'\'유기농 하프메쉬 에코백\n\'','\'더피커\'',12000,'living','주머니/가방'),(23,'\'[도서] 그건 쓰레기가 아니라고요\n\'','\'더피커\'',14400,'living','책/노트'),(24,'\'재활용 페트병 마켓백\n\'','\'더피커\'',13000,'living','주머니/가방'),(25,'\'에코백\n\'','\'더피커\'',8000,'living','주머니/가방'),(26,'\'A5 크라프트 무지노트\n\'','\'더피커\'',2000,'living','책/노트'),(27,'\'대나무 연필깎이\n\'','\'더피커\'',2000,'etc',NULL),(28,'\'스테인리스 빨대(일자형)\n\'','\'더피커\'',3000,'living','빨대'),(29,'\'프로듀스백 (M)\n\'','\'더피커\'',6000,'living','주머니/가방'),(30,'\'소창 바게트 빵 주머니\n\'','\'더피커\'',7000,'living','주머니/가방'),(31,'\'재활용면 텀블러 가방\n\'','\'더피커\'',13000,'living','주머니/가방'),(32,'\'[도서] 매거진쓸[SSSSL]\n\'','\'더피커\'',13000,'living','책/노트'),(33,'\'유기농 스트링 에코백\n\'','\'더피커\'',10000,'living','주머니/가방'),(34,'\'하누만 요가매트\n\'','\'더피커\'',149000,'etc',NULL),(35,'\'소창 프로듀스백(M)\n\'','\'더피커\'',5500,'living','주머니/가방'),(36,'\'스텐 고리집게(5p.)\n\'','\'더피커\'',4000,'living','집게'),(37,'\'소창 2겹 행주 (손수건 대용)\n\'','\'더피커\'',4000,'bathroom','타월'),(38,'\'유기농 설거지 비누(100g/400g)\n\'','\'더피커\'',8000,'kitchen','설거지'),(39,'\'유기농 재사용 커피필터\n\'','\'더피커\'',4000,'kitchen','밀랍/시트'),(40,'\'SCHOTT 쇼트 유리빨대(단품/세트)\n\'','\'더피커\'',5000,'living','빨대'),(41,'\'다회용 밀랍 주방랩(M/L)\n\'','\'더피커\'',4500,'kitchen','밀랍/시트'),(42,'\'사이잘 빨대 세척솔\n\'','\'더피커\'',2000,'living','빨대'),(43,'\'휴대용 소창와입스(4매입)\n\'','\'더피커\'',11000,'bathroom','타월'),(44,'\'스텐 미니집게(10pcs.)\n\'','\'더피커\'',4000,'living','집게'),(45,'\'광목 빨대 주머니\n\'','\'더피커\'',3000,'living','주머니/가방'),(46,'\'설거지용 팟 브러쉬\n\'','\'더피커\'',6000,'kitchen','설거지'),(47,'\'유기농 메쉬 프로듀스백(S/M/L)\n\'','\'더피커\'',4000,'living','주머니/가방'),(48,'\'소창 3겹 핸드타월\n\'','\'더피커\'',8000,'bathroom','타월'),(49,'\'설거지용 롱핸들 브러쉬\n\'','\'더피커\'',6500,'kitchen','설거지'),(50,'\'그랩 리페어 밀랍블록\n\'','\'더피커\'',1500,'kitchen','밀랍/시트'),(51,'\'[도서] 채식연습\n\'','\'더피커\'',15120,'living','책/노트'),(52,'\'유기농면 프로듀스백(S/M/L)\n\'','\'더피커\'',4500,'living','주머니/가방'),(53,'\'네츄럴 린넨 손수건\n\'','\'더피커\'',4000,'bathroom','타월'),(54,'\'스테인리스 빨대(ㄱ자형)\n\'','\'더피커\'',3500,'living','빨대'),(55,'\'소락 유기농 튤립백(도시락가방)\n\'','\'더피커\'',6000,'living','주머니/가방'),(56,'\'유기농 하프메쉬 에코백\n\'','\'더피커\'',12000,'living','주머니/가방'),(57,'\'천연 설거지 수세미 (S/L)\n\'','\'더피커\'',4000,'kitchen','설거지'),(58,'\'다회용 밀랍 푸드백(S/L)\n\'','\'더피커\'',5000,'living','주머니/가방'),(59,'\'스테인리스 빨대(일자형)\n\'','\'더피커\'',3000,'living','빨대'),(60,'\'소창 바게트 빵 주머니\n\'','\'더피커\'',7000,'living','주머니/가방'),(61,'\'재활용면 텀블러 가방\n\'','\'더피커\'',13000,'living','주머니/가방'),(62,'\'소창 프로듀스백(M)\n\'','\'더피커\'',5500,'living','주머니/가방'),(63,'\'생분해 천연 치실/리필\n\'','\'더피커\'',7000,'bathroom','샤워'),(64,'\'스텐 고리집게(5p.)\n\'','\'더피커\'',4000,'living','집게'),(65,'\'친환경 대나무 칫솔\n\'','\'더피커\'',5500,'bathroom','샤워'),(66,'\'유기농 햄프코튼 재사용 화장솜\n\'','\'더피커\'',12000,'bathroom','타월'),(67,'\'비누 틴케이스\n\'','\'더피커\'',4500,'bathroom','비누'),(68,'\'유기농 메쉬 파우치(S)\n\'','\'더피커\'',3000,'bathroom','주머니/가방'),(69,'\'스테인리스 혀클리너\n\'','\'더피커\'',7000,'bathroom','샤워'),(70,'\'천연 목욕수세미(어린수세미)\n\'','\'더피커\'',4000,'bathroom','샤워'),(71,'\'천연 비누주머니\n\'','\'더피커\'',5000,'bathroom','비누'),(72,'\'유기농 온몸비누 제주\n\'','\'더피커\'',8000,'bathroom','비누'),(73,'\'유기농 순면생리대 누르Nur.\n\'','\'더피커\'',6500,'bathroom','샤워'),(74,'\'소창 3겹 핸드타월\n\'','\'더피커\'',8000,'bathroom','타월'),(75,'\'소창 2겹 세안수건\n\'','\'더피커\'',7000,'bathroom','타월'),(76,'\'천연 수세미 목욕장갑\n\'','\'더피커\'',10000,'bathroom','샤워'),(77,'\'플랑드비 올라이트 바디솝\n\'','\'더피커\'',17000,'bathroom','비누'),(78,'\'재사용 화장지(10매입)\n\'','\'더피커\'',25000,'bathroom','샤워'),(79,'\'제로웨이스트 구강위생 키트\n\'','\'더피커\'',22000,'키트',NULL),(80,'\'[예고은] 삼베수세미(3개입)\n\'','\'지구샵\'',8500,'kitchen','설거지'),(81,'\'주방비누\n\'','\'지구샵\'',5200,'kitchen','설거지'),(82,'\'[소렉스] 과일채소 세척솔\n\'','\'지구샵\'',6000,'kitchen','설거지'),(83,'\'[예고은] 삼베행주\n\'','\'지구샵\'',7900,'bathroom','타월'),(84,'\'[손끋비] 밀랍랩 비기너세트(3매입)\n\'','\'지구샵\'',10000,'kitchen','밀랍/시트'),(85,'\'[소렉스] 보틀 세척솔\n\'','\'지구샵\'',10000,'kitchen','설거지'),(86,'\'[소렉스] 구리수세미 3pcs\n\'','\'지구샵\'',10000,'kitchen','설거지'),(87,'\'[손끋비] 밀랍랩(Large)\n\'','\'지구샵\'',7000,'kitchen','밀랍/시트'),(88,'\'[예고은] 삼베찜시트\n\'','\'지구샵\'',6200,'kitchen','밀랍/시트'),(89,'\'[소렉스] 팬용 세척솔\n\'','\'지구샵\'',7000,'kitchen','설거지'),(90,'\'[손끋비] 밀랍랩(Small)\n\'','\'지구샵\'',5000,'kitchen','밀랍/시트'),(91,'\'[손끋비] 밀랍랩 DIY세트(교육/체험용)\n\'','\'지구샵\'',9900,'kitchen','밀랍/시트'),(92,'\'[레데커] 스크럽 세척솔\n\'','\'지구샵\'',6000,'kitchen','설거지'),(93,'\'천연 물방울수세미\n\'','\'지구샵\'',3500,'kitchen','설거지'),(94,'\'천연 통수세미\n\'','\'지구샵\'',3500,'kitchen','설거지'),(95,'\'천연물방울수세미(3개입)\n\'','\'지구샵\'',9900,'kitchen','설거지'),(96,'\'고체치약\n\'','\'지구샵\'',5900,'bathroom','샤워'),(97,'\'대나무칫솔(성인/어린이용)\n\'','\'지구샵\'',3500,'bathroom','샤워'),(98,'\'[소락] 면화장솜 4pcs\n\'','\'지구샵\'',10000,'bathroom','타월'),(99,'\'[예고은] 삼베샤워타월\n\'','\'지구샵\'',11900,'bathroom','샤워'),(100,'\'칫솔 파우치\n\'','\'지구샵\'',3500,'bathroom','주머니/가방'),(101,'\'[더비건글로우] 오리지널 샴푸바\n\'','\'지구샵\'',15000,'bathroom','비누'),(102,'\'유기농 핸드타월 (3매)\n\'','\'지구샵\'',12000,'bathroom','타월'),(103,'\'[솝퓨리]안티로쓰 샴푸바(탈모방지)\n\'','\'지구샵\'',18000,'bathroom','비누'),(104,'\'[솝퓨리]네버드라이 페이셜바\n\'','\'지구샵\'',15000,'bathroom','비누'),(105,'\'유기농 수건 (3매)\n\'','\'지구샵\'',19500,'bathroom','타월'),(106,'\'[솝퓨리]리치리치 샴푸바(건성용)\n\'','\'지구샵\'',18000,'bathroom','비누'),(107,'\'[솝퓨리]오오클렌징바(여성청결제)\n\'','\'지구샵\'',24000,'bathroom','비누'),(108,'\'[솝퓨리]노세범 샴푸바(지성용)\n\'','\'지구샵\'',16000,'bathroom','비누'),(109,'\'스테인레스 칫솔걸이\n\'','\'지구샵\'',4000,'bathroom','샤워'),(110,'\'면비누망\n\'','\'지구샵\'',2500,'bathroom','비누'),(111,'\'[소락] 유기농 면마스크\n\'','\'지구샵\'',6000,'etc',NULL),(112,'\'[소락] 휴대용 와입스(4매입)\n\'','\'지구샵\'',11000,'bathroom','타월'),(113,'\'칫솔 파우치\n\'','\'지구샵\'',3500,'living','주머니/가방'),(114,'\'메쉬백\n\'','\'지구샵\'',8000,'living','주머니/가방'),(115,'\'프로듀스백\n\'','\'지구샵\'',4000,'living','주머니/가방'),(116,'\'[프리다]플로우 밀랍초\n\'','\'지구샵\'',10000,'etc',NULL),(117,'\'[프리다]생일초\n\'','\'지구샵\'',1000,'etc',NULL),(118,'\'[프리다]꽈배기 생일초\n\'','\'지구샵\'',1100,'etc',NULL),(119,'\'[프리다]노랑성냥\n\'','\'지구샵\'',4000,'etc',NULL),(120,'\'[루디아의베틀] 미니크로스백\n\'','\'지구샵\'',45600,'living','주머니/가방'),(121,'\'[바잇미] 미니에코백\n\'','\'지구샵\'',8900,'living','주머니/가방'),(122,'\'[프리다]담금초 세트\n\'','\'지구샵\'',52000,'키트',NULL),(123,'\'[프리다]흐르는 작은 초\n\'','\'지구샵\'',22000,'etc',NULL),(124,'\'[바잇미] 데일리 산책가방\n\'','\'지구샵\'',30900,'living','주머니/가방'),(125,'\'[프리다]코르크 밀랍초\n\'','\'지구샵\'',20000,'etc',NULL),(126,'\'[루디아의베틀] 루디아백\n\'','\'지구샵\'',40000,'living','주머니/가방'),(127,'\'[루디아의베틀] 코스타백\n\'','\'지구샵\'',74600,'living','주머니/가방'),(145,'\'친환경 제로웨이스트 주방용 다용도 천연 수세미\n\'','\'제로웨이스트샵\'',800,'kitchen','설거지'),(146,'\'친환경 제로웨이스트 내열 유리빨대 4종 세트\n\'','\'제로웨이스트샵\'',6600,'living','빨대'),(147,'\'유리빨대 파우치 세트\n\'','\'제로웨이스트샵\'',9900,'living','주머니/가방'),(148,'\'내열 유리빨대 스무디용 12mm\n\'','\'제로웨이스트샵\'',2000,'living','빨대'),(149,'\'내열 유리빨대 일반용 8mm\n\'','\'제로웨이스트샵\'',1500,'living','빨대'),(150,'\'친환경 제로웨이스트 미세모 대나무 칫솔\n\'','\'제로웨이스트샵\'',980,'bathroom','샤워'),(154,'\'[E,art] 천연 루파 수세미 열매\'','\'지구살림e\'',3790,'kitchen','설거지'),(155,'\'[e,art] 먼지없는 강화 소창 2겹 행주 (면100%)\'','\'지구살림e\'',2100,'bathroom','타월'),(156,'\'[E,art] 프리미엄 강화 소창 와입스\'','\'지구살림e\'',1350,'bathroom','타월'),(157,'\'[E,art] 친환경 스테인리스 빨대\'','\'지구살림e\'',500,'living','빨대'),(158,'\'[e,art] 스텐 훅 집게\'','\'지구살림e\'',500,'living','집게'),(159,'\'E,art 디쉬바 옐루칼립투스\'','\'지구살림e\'',5000,'kitchen','설거지'),(160,'\'[E,art] 프리미엄 강화 소창 원단 2겹 3겹\'','\'지구살림e\'',2900,'kitchen','타월'),(161,'\'[E,art] 광목 주머니\'','\'지구살림e\'',1800,'living','주머니/가방'),(162,'\'[E,art] 삼베 수세미\'','\'지구살림e\'',3790,'kitchen','설거지'),(163,'\'E,art 친환경 대나무 빨대\'','\'지구살림e\'',1300,'living','빨대'),(164,'\'규조토 비누 받침 심플 사각 트레이 1개\'','\'지구살림e\'',2000,'kitchen','설거지'),(165,'\'[E,art] 천연 루파 텀블러 세척솔\'','\'지구살림e\'',4790,'kitchen','설거지'),(166,'\'[E,art] 먼지없는 강화 소창 2겹 행주 5장 세트\'','\'지구살림e\'',12000,'키트',NULL),(167,'\'E,art 린넨 롱 앞치마\'','\'지구살림e\'',35800,'etc',NULL),(168,'\'E,art 골드 머그 1P\'','\'지구살림e\'',12500,'etc',NULL),(169,'\'E,art 포켓 장바구니\'','\'지구살림e\'',17800,'kitchen','주머니/가방'),(170,'\'제로웨이스트 네트백\'','\'지구살림e\'',4000,'living','주머니/가방'),(171,'\'[E,art] 심플리 하프 에이프런 2종\'','\'지구살림e\'',18000,'etc',NULL),(172,'\'E,art 프리미엄 집들이 선물 세트\'','\'지구살림e\'',21300,'키트',NULL),(173,'\'[E,art] 프리미엄 강화 소창 와입스\'','\'지구살림e\'',1350,'bathroom','타월'),(174,'\'과탄산소다 1kg 소창행주 정련 세제\'','\'지구살림e\'',3900,'bathroom','타월'),(175,'\'100% 천연 밀랍초 비즈왁스 밀랍 캔들 3개 세트\'','\'지구살림e\'',11000,'키트',NULL),(176,'\'[E,art] 제로웨이스트 대나무 칫솔\'','\'지구살림e\'',1250,'bathroom','샤워'),(177,'\'[E,art] 프리미엄 강화 소창 와입스\'','\'지구살림e\'',1350,'bathroom','타월'),(178,'\'[e,art] 스텐 훅 집게\'','\'지구살림e\'',500,'living','집게'),(179,'\'저자극 오이가지 바디 비누\'','\'지구살림e\'',6000,'bathroom','비누'),(180,'\'[E,art] 프리미엄 소창 목욕수건\'','\'지구살림e\'',8300,'bathroom','타월'),(181,'\'[E,art] 삼베 샤워타월\'','\'지구살림e\'',8300,'bathroom','샤워'),(182,'\'규조토 비누 받침 심플 사각 트레이 1개\'','\'지구살림e\'',2000,'bathroom','비누'),(183,'\'[e,art] 먼지없는 강화 소창 3겹 수건 (면100%)\'','\'지구살림e\'',5200,'bathroom','타월'),(184,'\'저자극 바질 클렌징 비누\'','\'지구살림e\'',5000,'bathroom','비누'),(185,'\'[e,art] 재사용 화장솜\'','\'지구살림e\'',8990,'bathroom','타월');
/*!40000 ALTER TABLE `online_product` ENABLE KEYS */;
UNLOCK TABLES;

--
-- Table structure for table `product`
--

DROP TABLE IF EXISTS `product`;
/*!40101 SET @saved_cs_client     = @@character_set_client */;
/*!50503 SET character_set_client = utf8mb4 */;
CREATE TABLE `product` (
  `productid` int NOT NULL AUTO_INCREMENT,
  `productname` varchar(45) DEFAULT NULL,
  `brand` varchar(45) DEFAULT NULL,
  `price` int DEFAULT NULL,
  `big_category` varchar(45) DEFAULT NULL,
  `small_category` varchar(40) NOT NULL,
  PRIMARY KEY (`productid`)
) ENGINE=InnoDB AUTO_INCREMENT=186 DEFAULT CHARSET=utf8mb4 COLLATE=utf8mb4_0900_ai_ci;
/*!40101 SET character_set_client = @saved_cs_client */;

--
-- Dumping data for table `product`
--

LOCK TABLES `product` WRITE;
/*!40000 ALTER TABLE `product` DISABLE KEYS */;
INSERT INTO `product` VALUES (1,'\'제로웨이스트 입문 키트\n\'','\'더피커\'',12000,'living',''),(2,'\'스텐 고리집게(5p.)\n\'','\'더피커\'',4000,'living',''),(3,'\'소창 2겹 행주 (손수건 대용)\n\'','\'더피커\'',4000,'living',''),(4,'\'비누 틴케이스\n\'','\'더피커\'',4500,'living',''),(5,'\'유기농 메쉬 파우치(S)\n\'','\'더피커\'',3000,'living',''),(6,'\'휴대용 소창와입스(4매입)\n\'','\'더피커\'',11000,'living',''),(7,'\'스텐 미니집게(10pcs.)\n\'','\'더피커\'',4000,'living',''),(8,'\'유기농 메쉬 프로듀스백(S/M/L)\n\'','\'더피커\'',4000,'living',''),(9,'\'광목 빨대 주머니\n\'','\'더피커\'',3000,'living',''),(10,'\'신문지연필(5ea)\n\'','\'더피커\'',2000,'living',''),(11,'\'[도서] 오늘을 조금 바꿉니다\n\'','\'더피커\'',13410,'living',''),(12,'\'팔로산토 우드스틱\n\'','\'더피커\'',10000,'living',''),(13,'\'[도서] 채식연습\n\'','\'더피커\'',15120,'living',''),(14,'\'유기농면 프로듀스백(S/M/L)\n\'','\'더피커\'',4500,'living',''),(15,'\'그랩 리페어 밀랍블록\n\'','\'더피커\'',1500,'living',''),(16,'\'유기농 순면생리대 누르Nur.\n\'','\'더피커\'',6500,'living',''),(17,'\'네츄럴 린넨 손수건\n\'','\'더피커\'',4000,'living',''),(18,'\'크라프트 무지 만년 위클리\n\'','\'더피커\'',2000,'living',''),(19,'\'재생종이 볼펜\n\'','\'더피커\'',1500,'living',''),(20,'\'소락 유기농 튤립백(도시락가방)\n\'','\'더피커\'',6000,'living',''),(21,'\'[도서] 지구생활안내서 바질[BASIL]\n\'','\'더피커\'',13000,'living',''),(22,'\'유기농 하프메쉬 에코백\n\'','\'더피커\'',12000,'living',''),(23,'\'[도서] 그건 쓰레기가 아니라고요\n\'','\'더피커\'',14400,'living',''),(24,'\'재활용 페트병 마켓백\n\'','\'더피커\'',13000,'living',''),(25,'\'에코백\n\'','\'더피커\'',8000,'living',''),(26,'\'A5 크라프트 무지노트\n\'','\'더피커\'',2000,'living',''),(27,'\'대나무 연필깎이\n\'','\'더피커\'',2000,'living',''),(28,'\'스테인리스 빨대(일자형)\n\'','\'더피커\'',3000,'living',''),(29,'\'프로듀스백 (M)\n\'','\'더피커\'',6000,'living',''),(30,'\'소창 바게트 빵 주머니\n\'','\'더피커\'',7000,'living',''),(31,'\'재활용면 텀블러 가방\n\'','\'더피커\'',13000,'living',''),(32,'\'[도서] 매거진쓸[SSSSL]\n\'','\'더피커\'',13000,'living',''),(33,'\'유기농 스트링 에코백\n\'','\'더피커\'',10000,'living',''),(34,'\'하누만 요가매트\n\'','\'더피커\'',149000,'living',''),(35,'\'소창 프로듀스백(M)\n\'','\'더피커\'',5500,'living',''),(36,'\'스텐 고리집게(5p.)\n\'','\'더피커\'',4000,'\'kitchen\'',''),(37,'\'소창 2겹 행주 (손수건 대용)\n\'','\'더피커\'',4000,'\'kitchen\'',''),(38,'\'유기농 설거지 비누(100g/400g)\n\'','\'더피커\'',8000,'\'kitchen\'',''),(39,'\'유기농 재사용 커피필터\n\'','\'더피커\'',4000,'\'kitchen\'',''),(40,'\'SCHOTT 쇼트 유리빨대(단품/세트)\n\'','\'더피커\'',5000,'\'kitchen\'',''),(41,'\'다회용 밀랍 주방랩(M/L)\n\'','\'더피커\'',4500,'\'kitchen\'',''),(42,'\'사이잘 빨대 세척솔\n\'','\'더피커\'',2000,'\'kitchen\'',''),(43,'\'휴대용 소창와입스(4매입)\n\'','\'더피커\'',11000,'\'kitchen\'',''),(44,'\'스텐 미니집게(10pcs.)\n\'','\'더피커\'',4000,'\'kitchen\'',''),(45,'\'광목 빨대 주머니\n\'','\'더피커\'',3000,'\'kitchen\'',''),(46,'\'설거지용 팟 브러쉬\n\'','\'더피커\'',6000,'\'kitchen\'',''),(47,'\'유기농 메쉬 프로듀스백(S/M/L)\n\'','\'더피커\'',4000,'\'kitchen\'',''),(48,'\'소창 3겹 핸드타월\n\'','\'더피커\'',8000,'\'kitchen\'',''),(49,'\'설거지용 롱핸들 브러쉬\n\'','\'더피커\'',6500,'\'kitchen\'',''),(50,'\'그랩 리페어 밀랍블록\n\'','\'더피커\'',1500,'\'kitchen\'',''),(51,'\'[도서] 채식연습\n\'','\'더피커\'',15120,'\'kitchen\'',''),(52,'\'유기농면 프로듀스백(S/M/L)\n\'','\'더피커\'',4500,'\'kitchen\'',''),(53,'\'네츄럴 린넨 손수건\n\'','\'더피커\'',4000,'\'kitchen\'',''),(54,'\'스테인리스 빨대(ㄱ자형)\n\'','\'더피커\'',3500,'\'kitchen\'',''),(55,'\'소락 유기농 튤립백(도시락가방)\n\'','\'더피커\'',6000,'\'kitchen\'',''),(56,'\'유기농 하프메쉬 에코백\n\'','\'더피커\'',12000,'\'kitchen\'',''),(57,'\'천연 설거지 수세미 (S/L)\n\'','\'더피커\'',4000,'\'kitchen\'',''),(58,'\'다회용 밀랍 푸드백(S/L)\n\'','\'더피커\'',5000,'\'kitchen\'',''),(59,'\'스테인리스 빨대(일자형)\n\'','\'더피커\'',3000,'\'kitchen\'',''),(60,'\'소창 바게트 빵 주머니\n\'','\'더피커\'',7000,'\'kitchen\'',''),(61,'\'재활용면 텀블러 가방\n\'','\'더피커\'',13000,'\'kitchen\'',''),(62,'\'소창 프로듀스백(M)\n\'','\'더피커\'',5500,'\'kitchen\'',''),(63,'\'생분해 천연 치실/리필\n\'','\'더피커\'',7000,'\'bathroom\'',''),(64,'\'스텐 고리집게(5p.)\n\'','\'더피커\'',4000,'\'bathroom\'',''),(65,'\'친환경 대나무 칫솔\n\'','\'더피커\'',5500,'\'bathroom\'',''),(66,'\'유기농 햄프코튼 재사용 화장솜\n\'','\'더피커\'',12000,'\'bathroom\'',''),(67,'\'비누 틴케이스\n\'','\'더피커\'',4500,'\'bathroom\'',''),(68,'\'유기농 메쉬 파우치(S)\n\'','\'더피커\'',3000,'\'bathroom\'',''),(69,'\'스테인리스 혀클리너\n\'','\'더피커\'',7000,'\'bathroom\'',''),(70,'\'천연 목욕수세미(어린수세미)\n\'','\'더피커\'',4000,'\'bathroom\'',''),(71,'\'천연 비누주머니\n\'','\'더피커\'',5000,'\'bathroom\'',''),(72,'\'유기농 온몸비누 제주\n\'','\'더피커\'',8000,'\'bathroom\'',''),(73,'\'유기농 순면생리대 누르Nur.\n\'','\'더피커\'',6500,'\'bathroom\'',''),(74,'\'소창 3겹 핸드타월\n\'','\'더피커\'',8000,'\'bathroom\'',''),(75,'\'소창 2겹 세안수건\n\'','\'더피커\'',7000,'\'bathroom\'',''),(76,'\'천연 수세미 목욕장갑\n\'','\'더피커\'',10000,'\'bathroom\'',''),(77,'\'플랑드비 올라이트 바디솝\n\'','\'더피커\'',17000,'\'bathroom\'',''),(78,'\'재사용 화장지(10매입)\n\'','\'더피커\'',25000,'\'bathroom\'',''),(79,'\'제로웨이스트 구강위생 키트\n\'','\'더피커\'',22000,'\'bathroom\'',''),(80,'\'[예고은] 삼베수세미(3개입)\n\'','\'지구샵\'',8500,'\'kitchen\'',''),(81,'\'주방비누\n\'','\'지구샵\'',5200,'\'kitchen\'',''),(82,'\'[소렉스] 과일채소 세척솔\n\'','\'지구샵\'',6000,'\'kitchen\'',''),(83,'\'[예고은] 삼베행주\n\'','\'지구샵\'',7900,'\'kitchen\'',''),(84,'\'[손끋비] 밀랍랩 비기너세트(3매입)\n\'','\'지구샵\'',10000,'\'kitchen\'',''),(85,'\'[소렉스] 보틀 세척솔\n\'','\'지구샵\'',10000,'\'kitchen\'',''),(86,'\'[소렉스] 구리수세미 3pcs\n\'','\'지구샵\'',10000,'\'kitchen\'',''),(87,'\'[손끋비] 밀랍랩(Large)\n\'','\'지구샵\'',7000,'\'kitchen\'',''),(88,'\'[예고은] 삼베찜시트\n\'','\'지구샵\'',6200,'\'kitchen\'',''),(89,'\'[소렉스] 팬용 세척솔\n\'','\'지구샵\'',7000,'\'kitchen\'',''),(90,'\'[손끋비] 밀랍랩(Small)\n\'','\'지구샵\'',5000,'\'kitchen\'',''),(91,'\'[손끋비] 밀랍랩 DIY세트(교육/체험용)\n\'','\'지구샵\'',9900,'\'kitchen\'',''),(92,'\'[레데커] 스크럽 세척솔\n\'','\'지구샵\'',6000,'\'kitchen\'',''),(93,'\'천연 물방울수세미\n\'','\'지구샵\'',3500,'\'kitchen\'',''),(94,'\'천연 통수세미\n\'','\'지구샵\'',3500,'\'kitchen\'',''),(95,'\'천연물방울수세미(3개입)\n\'','\'지구샵\'',9900,'\'kitchen\'',''),(96,'\'고체치약\n\'','\'지구샵\'',5900,'\'bathroom\'',''),(97,'\'대나무칫솔(성인/어린이용)\n\'','\'지구샵\'',3500,'\'bathroom\'',''),(98,'\'[소락] 면화장솜 4pcs\n\'','\'지구샵\'',10000,'\'bathroom\'',''),(99,'\'[예고은] 삼베샤워타월\n\'','\'지구샵\'',11900,'\'bathroom\'',''),(100,'\'칫솔 파우치\n\'','\'지구샵\'',3500,'\'bathroom\'',''),(101,'\'[더비건글로우] 오리지널 샴푸바\n\'','\'지구샵\'',15000,'\'bathroom\'',''),(102,'\'유기농 핸드타월 (3매)\n\'','\'지구샵\'',12000,'\'bathroom\'',''),(103,'\'[솝퓨리]안티로쓰 샴푸바(탈모방지)\n\'','\'지구샵\'',18000,'\'bathroom\'',''),(104,'\'[솝퓨리]네버드라이 페이셜바\n\'','\'지구샵\'',15000,'\'bathroom\'',''),(105,'\'유기농 수건 (3매)\n\'','\'지구샵\'',19500,'\'bathroom\'',''),(106,'\'[솝퓨리]리치리치 샴푸바(건성용)\n\'','\'지구샵\'',18000,'\'bathroom\'',''),(107,'\'[솝퓨리]오오클렌징바(여성청결제)\n\'','\'지구샵\'',24000,'\'bathroom\'',''),(108,'\'[솝퓨리]노세범 샴푸바(지성용)\n\'','\'지구샵\'',16000,'\'bathroom\'',''),(109,'\'스테인레스 칫솔걸이\n\'','\'지구샵\'',4000,'\'bathroom\'',''),(110,'\'면비누망\n\'','\'지구샵\'',2500,'\'bathroom\'',''),(111,'\'[소락] 유기농 면마스크\n\'','\'지구샵\'',6000,'\'living\'',''),(112,'\'[소락] 휴대용 와입스(4매입)\n\'','\'지구샵\'',11000,'\'living\'',''),(113,'\'칫솔 파우치\n\'','\'지구샵\'',3500,'\'living\'',''),(114,'\'메쉬백\n\'','\'지구샵\'',8000,'\'living\'',''),(115,'\'프로듀스백\n\'','\'지구샵\'',4000,'\'living\'',''),(116,'\'[프리다]플로우 밀랍초\n\'','\'지구샵\'',10000,'\'living\'',''),(117,'\'[프리다]생일초\n\'','\'지구샵\'',1000,'\'living\'',''),(118,'\'[프리다]꽈배기 생일초\n\'','\'지구샵\'',1100,'\'living\'',''),(119,'\'[프리다]노랑성냥\n\'','\'지구샵\'',4000,'\'living\'',''),(120,'\'[루디아의베틀] 미니크로스백\n\'','\'지구샵\'',45600,'\'living\'',''),(121,'\'[바잇미] 미니에코백\n\'','\'지구샵\'',8900,'\'living\'',''),(122,'\'[프리다]담금초 세트\n\'','\'지구샵\'',52000,'\'living\'',''),(123,'\'[프리다]흐르는 작은 초\n\'','\'지구샵\'',22000,'\'living\'',''),(124,'\'[바잇미] 데일리 산책가방\n\'','\'지구샵\'',30900,'\'living\'',''),(125,'\'[프리다]코르크 밀랍초\n\'','\'지구샵\'',20000,'\'living\'',''),(126,'\'[루디아의베틀] 루디아백\n\'','\'지구샵\'',40000,'\'living\'',''),(127,'\'[루디아의베틀] 코스타백\n\'','\'지구샵\'',74600,'\'living\'',''),(145,'\'친환경 제로웨이스트 주방용 다용도 천연 수세미\n\'','\'제로웨이스트샵\'',800,'\'kitchen\'',''),(146,'\'친환경 제로웨이스트 내열 유리빨대 4종 세트\n\'','\'제로웨이스트샵\'',6600,'\'kitchen\'',''),(147,'\'유리빨대 파우치 세트\n\'','\'제로웨이스트샵\'',9900,'\'kitchen\'',''),(148,'\'내열 유리빨대 스무디용 12mm\n\'','\'제로웨이스트샵\'',2000,'\'kitchen\'',''),(149,'\'내열 유리빨대 일반용 8mm\n\'','\'제로웨이스트샵\'',1500,'\'kitchen\'',''),(150,'\'친환경 제로웨이스트 미세모 대나무 칫솔\n\'','\'제로웨이스트샵\'',980,'\'bathroom\'',''),(154,'\'[E,art] 천연 루파 수세미 열매\'','\'지구살림e\'',3790,'\'kitchen\'',''),(155,'\'[e,art] 먼지없는 강화 소창 2겹 행주 (면100%)\'','\'지구살림e\'',2100,'\'kitchen\'',''),(156,'\'[E,art] 프리미엄 강화 소창 와입스\'','\'지구살림e\'',1350,'\'kitchen\'',''),(157,'\'[E,art] 친환경 스테인리스 빨대\'','\'지구살림e\'',500,'\'kitchen\'',''),(158,'\'[e,art] 스텐 훅 집게\'','\'지구살림e\'',500,'\'kitchen\'',''),(159,'\'E,art 디쉬바 옐루칼립투스\'','\'지구살림e\'',5000,'\'kitchen\'',''),(160,'\'[E,art] 프리미엄 강화 소창 원단 2겹 3겹\'','\'지구살림e\'',2900,'\'kitchen\'',''),(161,'\'[E,art] 광목 주머니\'','\'지구살림e\'',1800,'\'kitchen\'',''),(162,'\'[E,art] 삼베 수세미\'','\'지구살림e\'',3790,'\'kitchen\'',''),(163,'\'E,art 친환경 대나무 빨대\'','\'지구살림e\'',1300,'\'kitchen\'',''),(164,'\'규조토 비누 받침 심플 사각 트레이 1개\'','\'지구살림e\'',2000,'\'kitchen\'',''),(165,'\'[E,art] 천연 루파 텀블러 세척솔\'','\'지구살림e\'',4790,'\'kitchen\'',''),(166,'\'[E,art] 먼지없는 강화 소창 2겹 행주 5장 세트\'','\'지구살림e\'',12000,'\'kitchen\'',''),(167,'\'E,art 린넨 롱 앞치마\'','\'지구살림e\'',35800,'\'kitchen\'',''),(168,'\'E,art 골드 머그 1P\'','\'지구살림e\'',12500,'\'kitchen\'',''),(169,'\'E,art 포켓 장바구니\'','\'지구살림e\'',17800,'\'kitchen\'',''),(170,'\'제로웨이스트 네트백\'','\'지구살림e\'',4000,'\'kitchen\'',''),(171,'\'[E,art] 심플리 하프 에이프런 2종\'','\'지구살림e\'',18000,'\'kitchen\'',''),(172,'\'E,art 프리미엄 집들이 선물 세트\'','\'지구살림e\'',21300,'\'kitchen\'',''),(173,'\'[E,art] 프리미엄 강화 소창 와입스\'','\'지구살림e\'',1350,'\'living\'',''),(174,'\'과탄산소다 1kg 소창행주 정련 세제\'','\'지구살림e\'',3900,'\'living\'',''),(175,'\'100% 천연 밀랍초 비즈왁스 밀랍 캔들 3개 세트\'','\'지구살림e\'',11000,'\'living\'',''),(176,'\'[E,art] 제로웨이스트 대나무 칫솔\'','\'지구살림e\'',1250,'\'bathroom\'',''),(177,'\'[E,art] 프리미엄 강화 소창 와입스\'','\'지구살림e\'',1350,'\'bathroom\'',''),(178,'\'[e,art] 스텐 훅 집게\'','\'지구살림e\'',500,'\'bathroom\'',''),(179,'\'저자극 오이가지 바디 비누\'','\'지구살림e\'',6000,'\'bathroom\'',''),(180,'\'[E,art] 프리미엄 소창 목욕수건\'','\'지구살림e\'',8300,'\'bathroom\'',''),(181,'\'[E,art] 삼베 샤워타월\'','\'지구살림e\'',8300,'\'bathroom\'',''),(182,'\'규조토 비누 받침 심플 사각 트레이 1개\'','\'지구살림e\'',2000,'\'bathroom\'',''),(183,'\'[e,art] 먼지없는 강화 소창 3겹 수건 (면100%)\'','\'지구살림e\'',5200,'\'bathroom\'',''),(184,'\'저자극 바질 클렌징 비누\'','\'지구살림e\'',5000,'\'bathroom\'',''),(185,'\'[e,art] 재사용 화장솜\'','\'지구살림e\'',8990,'\'bathroom\'','');
/*!40000 ALTER TABLE `product` ENABLE KEYS */;
UNLOCK TABLES;
/*!40103 SET TIME_ZONE=@OLD_TIME_ZONE */;

/*!40101 SET SQL_MODE=@OLD_SQL_MODE */;
/*!40014 SET FOREIGN_KEY_CHECKS=@OLD_FOREIGN_KEY_CHECKS */;
/*!40014 SET UNIQUE_CHECKS=@OLD_UNIQUE_CHECKS */;
/*!40101 SET CHARACTER_SET_CLIENT=@OLD_CHARACTER_SET_CLIENT */;
/*!40101 SET CHARACTER_SET_RESULTS=@OLD_CHARACTER_SET_RESULTS */;
/*!40101 SET COLLATION_CONNECTION=@OLD_COLLATION_CONNECTION */;
/*!40111 SET SQL_NOTES=@OLD_SQL_NOTES */;

-- Dump completed on 2020-11-18 12:30:45
